label,raw
0,Anak-anak itu sedang menikmati mainan baru mereka di taman.
0,Ayah memasak sarapan yang lezat untuk keluarganya setiap pagi.
0,Ibuku selalu memberi dukungan kepada adik dan kakakku dalam segala hal.
0,Pohon-pohon di taman sekolah kami memberikan teduh yang menyenangkan.
0,Saya sangat bersyukur memiliki teman-teman yang menyenangkan di sekolah.
0,Pak guru kami selalu memberikan inspirasi kepada kami untuk belajar lebih keras.
0,Sepatu baru ini sangat nyaman saat saya berjalan-jalan di kota.
0,"Saat hujan turun, aroma tanah basah memberikan suasana yang menenangkan."
0,Kucing peliharaan kami selalu memberikan kehangatan dan kebahagiaan di rumah.
0,Senyum anak kecil itu bisa mencerahkan hari siapa pun.
0,Keluarga kami sering mengadakan piknik di taman pada akhir pekan.
0,Suara burung-burung bernyanyi di pagi hari adalah cara yang indah untuk memulai hari.
0,Buku-buku di perpustakaan sekolah memberikan sumber pengetahuan yang tak terbatas.
0,Membantu orang lain adalah salah satu cara terbaik untuk merasa bahagia.
0,Saya merasa beruntung memiliki hobi menulis yang bisa saya lakukan setiap hari.
0,Menghabiskan waktu di pantai bersama teman-teman adalah pengalaman yang menyenangkan.
0,Pelangi di langit memberikan pesan harapan dan keindahan alam.
0,Saya sangat menghargai waktu bersama keluarga di meja makan setiap malam.
0,Mengunjungi taman hiburan bersama sahabat-sahabat dekat adalah pengalaman yang tak terlupakan.
0,Melihat bunga-bunga mekar di taman membuat hati menjadi bahagia.
0,Berjalan-jalan di hutan memungkinkan saya untuk terhubung dengan alam secara langsung.
0,Saya sangat senang bisa menghadiri konser musik favorit saya bersama teman-teman.
0,Menerima ucapan terima kasih dari seseorang membuat saya merasa dihargai.
0,Saya bangga bisa menjadi bagian dari tim olahraga sekolah kami.
0,Merayakan ulang tahun bersama keluarga adalah momen yang berharga.
0,Menemukan surat cinta dari seseorang membuat hari saya menjadi lebih manis.
0,Menonton film favorit di rumah bersama keluarga adalah hiburan yang menyenangkan.
0,Makan bersama keluarga di rumah memberikan rasa kebersamaan yang tak ternilai.
0,Berbicara dengan nenek di telepon selalu membuat saya merasa terhubung dengan keluarga.
0,Memberikan bantuan kepada sesama membuat saya merasa berarti dalam hidup ini.
0,Menyumbangkan waktu untuk membaca buku-buku baru adalah investasi dalam diri sendiri.
0,Melihat senyuman bahagia anak-anak jalanan saat diberi makanan membuat hati saya hangat.
0,Menonton mentari terbit di atas pegunungan adalah pengalaman spiritual yang memukau.
0,Bermain di taman bermain dengan anak-anak membuat saya merasa muda kembali.
0,Menghadiri pernikahan teman dekat adalah kesempatan untuk merayakan cinta.
0,Mendengarkan musik favorit di sore hari adalah cara yang sempurna untuk bersantai.
0,Berbagi cerita dengan teman-teman lama membuat nostalgia datang menghampiri.
0,Menghabiskan waktu di pantai dengan keluarga adalah momen berharga yang tak terlupakan.
0,Membaca buku-buku tentang petualangan membuat imajinasi saya melebar.
0,Menemukan barang yang hilang membuat saya merasa lega.
0,Bermain bersama hewan peliharaan memberikan kebahagiaan yang tak terbantahkan.
0,Menghabiskan waktu bersama sahabat-sahabat di kafe adalah pengalaman yang menyenangkan.
0,Menerima pujian dari atasan membuat saya merasa dihargai di tempat kerja.
0,Melihat kembang api di malam tahun baru adalah pertunjukan yang mengagumkan.
0,Berbicara dengan sahabat lama membuat saya merasa disambut hangat.
0,Berjalan-jalan di taman kota membuat saya merasa dekat dengan alam.
0,Menghadiri pesta ulang tahun teman membuat hari menjadi lebih meriah.
0,Mendengarkan suara ombak di pantai adalah musik alam yang menenangkan.
0,Menerima surat dari teman lama membuat saya merasa tersentuh.
0,Menghadiri acara seni bersama keluarga adalah pengalaman yang menginspirasi.
0,Menonton pertunjukan teater dengan teman-teman adalah hiburan yang berharga.
0,Berolahraga di pagi hari membuat saya merasa segar dan bugar.
0,Membantu tetangga di sekitar membuat komunitas menjadi lebih solid.
0,Mendengarkan cerita motivasi membuat saya termotivasi untuk meraih impian.
0,Berlibur di pegunungan memberikan kesempatan untuk menikmati keindahan alam.
0,Berbagi makanan dengan orang yang membutuhkan membuat hati menjadi hangat.
0,Melihat foto-foto lama bersama keluarga adalah cara yang indah untuk mengingat masa lalu.
0,Mengikuti kelas tari membuat saya merasa lebih kreatif.
0,Menyanyikan lagu favorit bersama teman-teman adalah hiburan yang menyenangkan.
0,Memberikan hadiah kepada orang terdekat adalah cara untuk menyatakan cinta.
0,Melihat anak-anak bermain di taman adalah pemandangan yang menggembirakan.
0,Berbagi ide dengan rekan kerja membuat proses kerja menjadi lebih produktif.
0,Menerima pelukan hangat dari sahabat membuat hari menjadi lebih baik.
0,Melihat senyum bahagia ibu ketika menerima hadiah membuat saya merasa berhasil.
0,Menyelesaikan proyek besar di kantor memberikan kepuasan yang luar biasa.
0,Bermain game bersama sahabat-sahabat adalah cara yang menyenangkan untuk menghabiskan waktu.
0,Berpartisipasi dalam kegiatan amal memberikan rasa pemenuhan yang mendalam.
0,Mengunjungi tempat-tempat wisata bersama keluarga adalah pengalaman yang berharga.
0,Berbagi cerita lucu dengan teman membuat tawa terus mengalir.
0,Menyelesaikan puzzle bersama keluarga adalah kegiatan yang menyenangkan.
0,Menyambut kelahiran bayi dalam keluarga adalah momen yang membahagiakan.
0,Berbicara dengan nenek di telepon selalu membuat saya tersenyum.
0,Melihat senyuman bahagia anak-anak yatim piatu saat diberi mainan baru membuat hati saya hangat.
0,Mengunjungi pameran seni bersama teman-teman adalah cara yang menyenangkan untuk mengapresiasi karya seni.
0,Menerima pujian dari guru membuat saya merasa dihargai di sekolah.
0,Merayakan pencapaian teman membuat saya merasa bangga.
0,Menyelesaikan buku yang saya baca memberikan kepuasan yang mendalam.
0,Berpartisipasi dalam kegiatan lingkungan membuat saya merasa berkontribusi pada bumi.
0,Makan malam bersama keluarga di restoran favorit adalah momen yang menyenangkan.
0,Melihat matahari terbenam di pantai adalah pemandangan yang menakjubkan.
0,Berbagi waktu bersama orang yang dicintai adalah hal terbaik dalam hidup.
0,Membuat rencana liburan bersama teman membuat saya bersemangat.
0,Mengunjungi rumah sakit untuk menghibur pasien membuat hati saya menjadi hangat.
0,Mendengarkan musik klasik di malam hari adalah cara yang sempurna untuk bersantai.
0,Menikmati secangkir teh hangat di sore hari membuat saya merasa nyaman.
0,Bermain catur dengan teman adalah cara yang baik untuk melatih pikiran.
0,Memberikan bantuan kepada orang tua membuat mereka merasa dihargai.
0,Menerima undangan pesta ulang tahun membuat saya merasa diinginkan.
0,Mengambil waktu untuk meditasi membuat pikiran menjadi jernih.
0,Menyumbangkan pakaian yang tidak terpakai membuat saya merasa memberi manfaat.
0,Berjalan-jalan di taman kota bersama keluarga adalah kegiatan yang menyenangkan.
0,Memberikan ulasan positif untuk bisnis lokal membantu ekonomi di komunitas.
0,Menyanyikan lagu bersama teman-teman di karaoke adalah hiburan yang menyenangkan.
0,Melihat bintang-bintang di langit malam memberikan perasaan kedamaian.
0,Berbicara dengan sahabat lama membuat saya merasa terhubung kembali.
0,Menonton pertandingan olahraga bersama keluarga adalah momen berharga.
0,Menerima ucapan terima kasih dari orang yang saya bantu membuat hati saya hangat.
0,Membeli bunga untuk ibu adalah cara yang bagus untuk menunjukkan kasih sayang.
0,Melihat anak-anak bermain dengan riang di halaman rumah adalah pemandangan yang menggembirakan.
0,Menyumbangkan makanan kepada yang membutuhkan membuat perbedaan di komunitas.
0,Membantu teman dalam kesulitan membuat persahabatan menjadi lebih kuat.
0,Merayakan perayaan budaya bersama teman-teman adalah cara yang menyenangkan untuk belajar.
0,Menerima kartu ucapan dari orang tersayang membuat saya tersenyum.
0,Berbagi resep masakan dengan sahabat membuat hubungan menjadi lebih dekat.
0,Menghadiri konser musik favorit bersama keluarga adalah pengalaman yang tak terlupakan.
0,Bermain permainan papan dengan keluarga di malam hari adalah kegiatan yang menyenangkan.
0,Menyumbangkan waktu untuk membaca cerita kepada anak-anak yatim piatu memberikan kebahagiaan.
0,Melihat senyuman bahagia pasien di rumah sakit membuat saya merasa terharu.
0,Menonton film komedi bersama teman-teman adalah cara yang baik untuk menghibur diri.
0,Berbagi kebaikan dengan orang yang kurang beruntung memberikan rasa berarti dalam hidup.
0,Menghabiskan waktu di alam terbuka bersama keluarga adalah momen yang berharga.
0,Merayakan hari ulang tahun bersama teman-teman membuat hari menjadi lebih istimewa.
0,Menyumbangkan mainan bekas kepada anak-anak di panti asuhan membuat hati saya hangat.
0,Menerima surat cinta dari seseorang membuat hari saya menjadi lebih cerah.
0,Berbicara dengan nenek di telepon memberikan rasa terhubung dengan keluarga.
0,Berpartisipasi dalam kegiatan sosial di lingkungan membuat komunitas menjadi lebih baik.
0,Menonton pertunjukan seni dengan teman-teman adalah cara yang baik untuk mengapresiasi budaya.
0,Merayakan keberhasilan bersama tim kerja memberikan rasa kebersamaan yang kuat.
0,Berbagi makanan dengan orang tunawisma membuat perbedaan di masyarakat.
0,Menghabiskan waktu di taman bersama keluarga adalah momen yang menyenangkan.
0,Melihat senyuman bahagia anak-anak di panti asuhan saat diberi makanan membuat hati saya hangat.
0,Mengunjungi tempat wisata lokal bersama teman-teman adalah pengalaman yang menyenangkan.
0,Berpartisipasi dalam proyek sukarela memberikan rasa pemenuhan yang mendalam.
0,Berbicara dengan sahabat lama membuat saya merasa lebih dekat dengan mereka.
0,Menonton film favorit bersama keluarga di rumah adalah hiburan yang menyenangkan.
0,Bermain game online dengan teman-teman adalah cara yang menyenangkan untuk bersosialisasi.
0,Menerima pelukan hangat dari anak-anak membuat saya merasa dicintai.
0,Merencanakan liburan bersama keluarga memberikan sesuatu untuk dinantikan.
0,Membantu tetangga dalam pekerjaan rumah tangga membuat hubungan tetangga menjadi lebih baik.
0,Mendengarkan musik favorit di malam hari adalah cara yang baik untuk bersantai.
0,Bermain dengan anak-anak di lingkungan membuat saya merasa berkontribusi pada masa depan.
0,Menyumbangkan pakaian bekas kepada yang membutuhkan memberikan rasa berarti dalam hidup.
0,Mengikuti kelas seni membuat saya merasa lebih kreatif.
0,Menyanyi bersama teman-teman di acara karaoke adalah hiburan yang menyenangkan.
0,Melihat bunga-bunga mekar di taman adalah pemandangan yang indah.
0,Berbicara dengan sahabat lama membuat nostalgia masa lalu kembali.
0,Menghabiskan waktu di pantai bersama keluarga adalah momen yang berharga.
0,Merayakan pencapaian pribadi memberikan rasa bangga pada diri sendiri.
0,Menyelesaikan tugas sekolah dengan baik membuat orang tua bangga.
0,Mengikuti kelas yoga memberikan rasa relaksasi dan ketenangan.
0,Bermain dengan anak-anak di taman adalah cara yang baik untuk menghabiskan waktu.
0,Menerima hadiah dari orang tersayang membuat saya merasa dihargai.
0,Membaca buku tentang petualangan membawa saya ke tempat-tempat yang jauh.
0,Menghadiri perayaan budaya bersama teman-teman adalah cara yang baik untuk memahami keragaman.
0,Merayakan ulang tahun bersama teman-teman membuat hari menjadi lebih spesial.
0,Menyumbangkan mainan kepada anak-anak yang membutuhkan memberikan kebahagiaan.
0,Berbicara dengan sahabat lama membuat saya tersenyum sepanjang hari.
0,Menonton film komedi bersama keluarga adalah cara yang baik untuk bersantai.
0,Berpartisipasi dalam kegiatan amal memberikan perasaan kepemilikan yang kuat.
0,Menghadiri konser musik bersama sahabat-sahabat adalah pengalaman yang tidak terlupakan.
0,Merayakan keberhasilan bersama kolega membuat hubungan kerja menjadi lebih erat.
0,Berbagi makanan dengan orang tunawisma memberikan rasa berarti dalam hidup.
0,Menghabiskan waktu di taman bersama keluarga adalah momen yang berharga.
0,Aku senang melihat kamu tersenyum setiap hari.
0,Kamu adalah sumber inspirasi bagi banyak orang di sekitarmu.
0,Aku bangga memiliki teman sepertimu yang selalu mendukung.
0,Kamu selalu memberikan semangat kepada teman-temanmu dalam setiap situasi.
0,Aku yakin kamu memiliki potensi besar untuk meraih impianmu.
0,Kamu adalah orang yang sangat berarti dalam hidupku.
0,Aku bersyukur memiliki sahabat setia seperti kamu.
0,Kamu selalu menjaga kebaikan di dalam hatimu.
0,Aku percaya kamu mampu mengatasi segala tantangan yang datang.
0,Kamu adalah contoh yang baik bagi orang lain dengan sikapmu yang ramah.
0,Aku mengagumi dedikasi dan kerja kerasmu dalam mencapai cita-citamu.
0,Kamu selalu memberikan dukungan yang tak terbatas kepada orang-orang di sekitarmu.
0,Aku terinspirasi oleh kebaikan hatimu yang selalu kamu tunjukkan kepada semua orang.
0,Kamu adalah pelangi di tengah badai bagi banyak orang.
0,Aku berharap kamu selalu mendapatkan kebahagiaan yang kamu berikan kepada orang lain.
0,Kamu adalah sosok yang sangat dihormati oleh banyak orang karena kebaikanmu.
0,Aku merasa beruntung memiliki teman sebaik kamu dalam hidupku.
0,Kamu adalah motivasi bagi banyak orang untuk terus berjuang.
0,Aku selalu berdoa agar kamu mendapatkan semua kebaikan yang kamu berikan kepada orang lain.
0,Kamu adalah cahaya di dalam kegelapan bagi banyak orang.
0,Aku ingin kamu tahu betapa berharganya kamu bagi orang-orang di sekitarmu.
0,Kamu adalah teladan yang patut diikuti oleh banyak orang karena sikapmu yang baik.
0,Aku percaya kamu memiliki potensi untuk mencapai semua impianmu.
0,Kamu adalah teman sejati yang selalu ada di saat-saat sulit.
0,Aku sangat bersyukur memiliki seseorang seperti kamu dalam hidupku.
0,Kamu adalah motivasi yang membuatku terus maju dan berkembang.
0,Aku selalu terinspirasi oleh tekad dan kegigihanmu dalam menghadapi tantangan.
0,Kamu adalah panutan yang membuat banyak orang termotivasi untuk menjadi lebih baik.
0,Aku percaya bahwa kamu memiliki kekuatan untuk mengubah dunia dengan kebaikanmu.
0,Kamu adalah pilar yang kuat dalam kehidupan banyak orang di sekitarmu.
0,Aku sangat menghargai kerendahan hatimu dalam melayani orang lain.
0,Kamu adalah contoh yang nyata akan pentingnya berbagi kasih sayang kepada sesama.
0,Aku selalu berdoa agar kamu mendapatkan kesuksesan yang kamu impikan.
0,Kamu adalah teman terbaik yang selalu mendengarkan dan memahami.
0,Aku yakin bahwa kamu memiliki kemampuan untuk mencapai semua impianmu.
0,Kamu adalah sosok yang penuh cinta dan kebaikan.
0,Aku bersyukur bisa memanggilmu sebagai teman dalam setiap langkah hidupku.
0,Kamu adalah inspirasi bagi banyak orang dengan kebaikan hatimu.
0,Aku ingin kamu tahu bahwa aku selalu mendukungmu dalam setiap keputusan yang kamu ambil.
0,Kamu adalah salah satu dari sedikit orang yang membuat dunia ini menjadi tempat yang lebih baik dengan kebaikanmu.